employee_id,review_cycle,performance_rating,manager_feedback,review_date,goals_met_percentage,peer_feedback,promoted,bonus_awarded
1,2023 Annual,Below Expectations,Needs improvement.,2024-06-15,98.8,View scientist any industry five former senior.,False,1422.5
1,2024 Mid-Year,Below Expectations,Needs improvement.,2024-01-30,88.0,Blood create result effect explain laugh.,False,4498.24
2,2023 Annual,Below Expectations,Needs improvement.,2024-04-16,83.7,Red deal enter which goal option.,False,7150.93
2,2024 Mid-Year,Meets Expectations,Needs improvement.,2024-01-04,76.1,Above arm interesting main discussion specific and population while message.,False,202.18
3,2023 Annual,Exceeds Expectations,Exceeds Expectations performance. Keep up the good work!,2024-03-09,87.5,,False,1287.48
3,2024 Mid-Year,Exceeds Expectations,Exceeds Expectations performance. Keep up the good work!,2024-06-25,89.2,Know it remember goal hit determine cultural.,False,1632.01
4,2023 Annual,Meets Expectations,Needs improvement.,2024-01-27,80.8,,False,5404.21
4,2024 Mid-Year,Below Expectations,Needs improvement.,2024-05-23,69.4,Analysis individual American law almost again performance several page.,False,4087.38
5,2023 Annual,Below Expectations,Needs improvement.,2024-06-19,52.3,Course great design cause until statement international language space.,False,3052.66
5,2024 Mid-Year,Below Expectations,Needs improvement.,2024-03-21,98.3,,False,430.42
6,2023 Annual,Meets Expectations,Needs improvement.,2024-02-27,95.6,Player myself remember different or end program experience best decide.,False,5637.03
6,2024 Mid-Year,Below Expectations,Needs improvement.,2024-06-03,59.8,Real ten they if fire between cover improve.,False,5799.32
7,2023 Annual,Below Expectations,Needs improvement.,2024-01-20,59.3,Bar chance keep I Republican energy special our.,False,1390.36
7,2024 Mid-Year,Meets Expectations,Needs improvement.,2024-03-12,77.8,,False,1040.53
8,2023 Annual,Meets Expectations,Needs improvement.,2024-04-29,85.5,Medical close detail thus.,False,1238.45
8,2024 Mid-Year,Exceeds Expectations,Exceeds Expectations performance. Keep up the good work!,2024-06-09,80.8,Short sound administration focus what not prevent.,False,5295.12
9,2023 Annual,Meets Expectations,Needs improvement.,2024-01-19,89.2,,False,2542.87
9,2024 Mid-Year,Exceeds Expectations,Exceeds Expectations performance. Keep up the good work!,2024-05-09,58.0,Religious medical bed more high hot least own.,False,4344.64
10,2023 Annual,Exceeds Expectations,Exceeds Expectations performance. Keep up the good work!,2024-06-18,66.6,Pressure economy road so anyone mission but natural deep.,False,2886.38
10,2024 Mid-Year,Below Expectations,Needs improvement.,2024-05-01,99.8,,False,6589.51
11,2023 Annual,Below Expectations,Needs improvement.,2024-03-29,72.3,Fast girl put small see white.,False,7235.97
11,2024 Mid-Year,Exceeds Expectations,Exceeds Expectations performance. Keep up the good work!,2024-06-23,94.3,,False,3050.98
12,2023 Annual,Meets Expectations,Needs improvement.,2024-05-18,86.2,Majority clearly expert teach teacher seem side receive image.,False,197.65
12,2024 Mid-Year,Below Expectations,Needs improvement.,2024-05-10,72.3,,False,350.81
13,2023 Annual,Below Expectations,Needs improvement.,2024-01-22,97.4,Pull commercial back world lose leader nation similar visit per.,False,1339.16
13,2024 Mid-Year,Exceeds Expectations,Exceeds Expectations performance. Keep up the good work!,2024-06-09,53.3,Book information travel area check painting campaign watch.,False,5362.68
14,2023 Annual,Meets Expectations,Needs improvement.,2024-01-27,60.3,Sometimes get should much son grow weight.,False,6629.99
14,2024 Mid-Year,Meets Expectations,Needs improvement.,2024-06-14,90.8,,False,576.96
15,2023 Annual,Below Expectations,Needs improvement.,2024-03-25,51.9,,False,585.98
15,2024 Mid-Year,Exceeds Expectations,Exceeds Expectations performance. Keep up the good work!,2024-05-27,91.1,Cultural candidate decade like movement red feeling check floor next.,False,7287.89
16,2023 Annual,Meets Expectations,Needs improvement.,2024-04-20,65.8,,False,3116.01
16,2024 Mid-Year,Below Expectations,Needs improvement.,2024-06-07,53.2,Nothing decision college house city human call usually eat.,True,5967.61
17,2023 Annual,Meets Expectations,Needs improvement.,2024-05-08,55.3,,False,6295.14
17,2024 Mid-Year,Meets Expectations,Needs improvement.,2024-04-07,69.8,Vote site particularly guy feel bad without decision oil.,False,5285.79
18,2023 Annual,Exceeds Expectations,Exceeds Expectations performance. Keep up the good work!,2024-04-10,89.8,Conference wind market write example.,False,6795.74
18,2024 Mid-Year,Meets Expectations,Needs improvement.,2024-06-22,94.3,Kitchen church in blue right piece health street certain.,False,7722.92
19,2023 Annual,Exceeds Expectations,Exceeds Expectations performance. Keep up the good work!,2024-05-21,93.7,System try although prepare share style citizen deal rather.,True,1130.99
19,2024 Mid-Year,Meets Expectations,Needs improvement.,2024-05-17,77.4,Again wait force mouth success.,False,681.01
20,2023 Annual,Below Expectations,Needs improvement.,2024-03-29,60.6,,False,7245.02
20,2024 Mid-Year,Exceeds Expectations,Exceeds Expectations performance. Keep up the good work!,2024-02-26,80.8,Worker development reflect hope us brother cultural least provide let.,False,2021.93
21,2023 Annual,Below Expectations,Needs improvement.,2024-01-14,92.6,Increase activity single ahead law ground final I world trial.,False,7458.96
21,2024 Mid-Year,Below Expectations,Needs improvement.,2024-01-19,64.5,Many red seek realize strong help rule.,True,538.9
22,2023 Annual,Meets Expectations,Needs improvement.,2024-03-25,67.9,,False,5370.36
22,2024 Mid-Year,Exceeds Expectations,Exceeds Expectations performance. Keep up the good work!,2024-02-19,65.9,Use me trip wife impact employee modern.,False,3605.17
23,2023 Annual,Below Expectations,Needs improvement.,2024-02-09,78.3,Letter option less leg theory blood role.,False,2915.95
23,2024 Mid-Year,Exceeds Expectations,Exceeds Expectations performance. Keep up the good work!,2024-03-21,62.3,Culture relationship create detail item dog morning traditional race.,False,1772.21
24,2023 Annual,Meets Expectations,Needs improvement.,2024-02-04,84.0,International event season far tree will.,False,2652.5
24,2024 Mid-Year,Meets Expectations,Needs improvement.,2024-05-04,77.6,Region statement something chair war entire product six.,False,1406.16
25,2023 Annual,Exceeds Expectations,Exceeds Expectations performance. Keep up the good work!,2024-05-17,59.8,Right campaign job test join section.,False,5868.36
25,2024 Mid-Year,Exceeds Expectations,Exceeds Expectations performance. Keep up the good work!,2024-05-09,81.6,Can interview short instead personal issue relate its stock during.,False,6501.14
26,2023 Annual,Exceeds Expectations,Exceeds Expectations performance. Keep up the good work!,2024-01-10,77.6,Billion describe record million.,False,4347.75
26,2024 Mid-Year,Exceeds Expectations,Exceeds Expectations performance. Keep up the good work!,2024-04-03,69.6,Course determine strategy former professor education themselves everybody.,False,7131.5
27,2023 Annual,Exceeds Expectations,Exceeds Expectations performance. Keep up the good work!,2024-04-28,75.1,,False,724.43
27,2024 Mid-Year,Exceeds Expectations,Exceeds Expectations performance. Keep up the good work!,2024-06-06,84.2,,False,6057.65
28,2023 Annual,Below Expectations,Needs improvement.,2024-05-24,83.0,Amount hit fear watch art.,False,7741.88
28,2024 Mid-Year,Meets Expectations,Needs improvement.,2024-01-11,60.9,Voice why away really what.,True,3901.14
29,2023 Annual,Exceeds Expectations,Exceeds Expectations performance. Keep up the good work!,2024-06-20,60.3,Experience standard traditional south anything.,False,7261.81
29,2024 Mid-Year,Meets Expectations,Needs improvement.,2024-01-12,52.0,Their short dream read coach husband store box daughter still.,False,5188.2
30,2023 Annual,Below Expectations,Needs improvement.,2024-03-11,91.7,,False,2106.53
30,2024 Mid-Year,Below Expectations,Needs improvement.,2024-04-06,68.3,We play PM available my.,False,5226.69
31,2023 Annual,Meets Expectations,Needs improvement.,2024-02-27,75.8,By site at development gun time.,False,2823.18
31,2024 Mid-Year,Meets Expectations,Needs improvement.,2024-06-03,50.3,,False,7056.27
32,2023 Annual,Below Expectations,Needs improvement.,2024-06-13,64.0,Believe soldier contain scientist large no material no nature support off.,False,1201.92
32,2024 Mid-Year,Exceeds Expectations,Exceeds Expectations performance. Keep up the good work!,2024-06-18,61.5,Natural blue necessary Congress various serve federal area technology.,False,6489.38
33,2023 Annual,Meets Expectations,Needs improvement.,2024-05-02,60.5,,False,1289.97
33,2024 Mid-Year,Exceeds Expectations,Exceeds Expectations performance. Keep up the good work!,2024-02-02,78.7,,False,1289.03
34,2023 Annual,Below Expectations,Needs improvement.,2024-02-07,52.8,Lawyer forget scientist type.,False,2066.08
34,2024 Mid-Year,Below Expectations,Needs improvement.,2024-05-24,81.9,Investment old somebody clearly approach concern information.,False,7028.07
35,2023 Annual,Exceeds Expectations,Exceeds Expectations performance. Keep up the good work!,2024-02-25,72.5,,False,7942.21
35,2024 Mid-Year,Meets Expectations,Needs improvement.,2024-06-02,57.1,Law business firm trouble management side learn management Mrs military.,False,4661.17
36,2023 Annual,Below Expectations,Needs improvement.,2024-03-08,58.4,Age decision far test eye although reality including.,False,5484.73
36,2024 Mid-Year,Exceeds Expectations,Exceeds Expectations performance. Keep up the good work!,2024-02-28,68.9,Become investment general maybe physical industry.,True,1057.71
37,2023 Annual,Below Expectations,Needs improvement.,2024-06-24,71.0,North there act culture.,True,1196.49
37,2024 Mid-Year,Below Expectations,Needs improvement.,2024-06-02,52.0,,False,6270.95
38,2023 Annual,Meets Expectations,Needs improvement.,2024-06-17,56.5,Discuss any thousand exactly box say open.,False,4827.8
38,2024 Mid-Year,Below Expectations,Needs improvement.,2024-06-15,71.6,Her about goal really nice wife responsibility action spring anyone.,False,3365.47
39,2023 Annual,Meets Expectations,Needs improvement.,2024-02-28,96.9,Herself green choice few federal design nor film might maintain.,False,3856.99
39,2024 Mid-Year,Below Expectations,Needs improvement.,2024-06-27,78.8,Election need whom than so reason similar.,False,3403.92
40,2023 Annual,Exceeds Expectations,Exceeds Expectations performance. Keep up the good work!,2024-03-13,79.9,,False,4349.85
40,2024 Mid-Year,Below Expectations,Needs improvement.,2024-01-02,78.9,Paper she friend question party future dream front manage wife.,True,942.63
41,2023 Annual,Below Expectations,Needs improvement.,2024-03-21,70.4,Reality wait hundred opportunity animal require network.,False,852.67
41,2024 Mid-Year,Meets Expectations,Needs improvement.,2024-05-17,71.2,Wrong those result be again drop you.,False,2925.15
42,2023 Annual,Exceeds Expectations,Exceeds Expectations performance. Keep up the good work!,2024-04-15,77.6,Defense consider federal speak seek exactly cultural boy.,False,4460.5
42,2024 Mid-Year,Meets Expectations,Needs improvement.,2024-03-05,99.4,Again address never make.,False,4621.21
43,2023 Annual,Exceeds Expectations,Exceeds Expectations performance. Keep up the good work!,2024-06-17,56.0,Build table least health whole two specific also kitchen.,False,1838.17
43,2024 Mid-Year,Exceeds Expectations,Exceeds Expectations performance. Keep up the good work!,2024-02-24,75.4,As cell suddenly sense them many manage analysis paper some option.,False,6288.65
44,2023 Annual,Below Expectations,Needs improvement.,2024-06-29,52.6,Call maybe writer visit hotel never.,False,3112.83
44,2024 Mid-Year,Exceeds Expectations,Exceeds Expectations performance. Keep up the good work!,2024-04-30,96.3,,True,3483.02
45,2023 Annual,Exceeds Expectations,Exceeds Expectations performance. Keep up the good work!,2024-06-04,51.9,Fire exactly find light summer.,False,3074.61
45,2024 Mid-Year,Below Expectations,Needs improvement.,2024-03-14,85.6,Trade hope maybe like light song short war.,False,4779.78
46,2023 Annual,Below Expectations,Needs improvement.,2024-05-06,71.9,Determine garden certain he party since almost me benefit.,False,1613.66
46,2024 Mid-Year,Meets Expectations,Needs improvement.,2024-02-19,51.7,,False,4796.12
47,2023 Annual,Exceeds Expectations,Exceeds Expectations performance. Keep up the good work!,2024-06-21,51.8,,True,1914.05
47,2024 Mid-Year,Meets Expectations,Needs improvement.,2024-04-12,67.7,Indeed her ten author really choice human subject course.,False,3161.14
48,2023 Annual,Below Expectations,Needs improvement.,2024-06-29,53.4,Effort send return across attorney role treatment effort former.,False,721.33
48,2024 Mid-Year,Below Expectations,Needs improvement.,2024-03-30,67.4,Improve across agree concern decade right show would hospital particular.,False,6524.12
49,2023 Annual,Meets Expectations,Needs improvement.,2024-04-13,78.7,,False,2088.86
49,2024 Mid-Year,Exceeds Expectations,Exceeds Expectations performance. Keep up the good work!,2024-05-08,64.7,Leg particular true pick staff listen center certain similar church.,False,7576.12
50,2023 Annual,Below Expectations,Needs improvement.,2024-05-27,62.5,Rich detail do technology such else.,False,3542.15
50,2024 Mid-Year,Exceeds Expectations,Exceeds Expectations performance. Keep up the good work!,2024-03-27,98.1,Degree final inside together whom executive.,False,3670.79
51,2023 Annual,Exceeds Expectations,Exceeds Expectations performance. Keep up the good work!,2024-05-03,55.8,So involve term next follow must take.,False,540.43
51,2024 Mid-Year,Below Expectations,Needs improvement.,2024-06-28,61.5,Low yard that sport simply certainly against door crime billion.,False,2525.85
52,2023 Annual,Exceeds Expectations,Exceeds Expectations performance. Keep up the good work!,2024-06-28,91.6,Charge management system information candidate figure.,True,1986.06
52,2024 Mid-Year,Meets Expectations,Needs improvement.,2024-01-20,77.7,,False,1427.89
53,2023 Annual,Below Expectations,Needs improvement.,2024-03-09,59.1,,False,5969.25
53,2024 Mid-Year,Below Expectations,Needs improvement.,2024-02-21,61.7,,False,1936.45
54,2023 Annual,Exceeds Expectations,Exceeds Expectations performance. Keep up the good work!,2024-06-07,67.8,,False,6231.51
54,2024 Mid-Year,Below Expectations,Needs improvement.,2024-05-06,80.7,,False,6113.95
55,2023 Annual,Meets Expectations,Needs improvement.,2024-04-05,81.0,Source born small make amount movement catch bring bank story.,False,3938.72
55,2024 Mid-Year,Meets Expectations,Needs improvement.,2024-05-05,59.1,Include administration condition issue south glass series sister him right.,False,6114.1
56,2023 Annual,Below Expectations,Needs improvement.,2024-02-02,52.7,Herself tend support rest want and prepare sell especially local.,False,6394.16
56,2024 Mid-Year,Below Expectations,Needs improvement.,2024-03-29,69.7,Large laugh business stuff full.,False,5490.71
57,2023 Annual,Below Expectations,Needs improvement.,2024-05-12,73.0,,True,5513.68
57,2024 Mid-Year,Below Expectations,Needs improvement.,2024-01-26,66.3,Catch girl candidate step surface old reach doctor step cell.,False,4902.22
58,2023 Annual,Exceeds Expectations,Exceeds Expectations performance. Keep up the good work!,2024-03-09,73.6,City effort debate institution door anyone.,False,4904.67
58,2024 Mid-Year,Exceeds Expectations,Exceeds Expectations performance. Keep up the good work!,2024-04-17,85.0,,False,2978.48
59,2023 Annual,Exceeds Expectations,Exceeds Expectations performance. Keep up the good work!,2024-05-26,56.6,,False,4607.14
59,2024 Mid-Year,Meets Expectations,Needs improvement.,2024-03-01,77.8,Another laugh me picture born some deal his opportunity.,False,6850.47
60,2023 Annual,Below Expectations,Needs improvement.,2024-02-08,73.6,,False,77.94
60,2024 Mid-Year,Below Expectations,Needs improvement.,2024-05-12,76.7,,False,2525.82
61,2023 Annual,Below Expectations,Needs improvement.,2024-01-13,69.9,Pass quite north kid pretty join enter president feel especially.,True,5524.35
61,2024 Mid-Year,Meets Expectations,Needs improvement.,2024-06-10,54.8,Air forward each toward professional will bank fish generation.,False,5956.75
62,2023 Annual,Below Expectations,Needs improvement.,2024-03-06,67.2,Policy play stage PM list increase government majority sign.,False,3294.09
62,2024 Mid-Year,Below Expectations,Needs improvement.,2024-02-20,78.8,Often help service various year wife.,False,5198.92
63,2023 Annual,Meets Expectations,Needs improvement.,2024-03-31,66.3,Street keep might economy door current reality paper memory address.,False,4083.56
63,2024 Mid-Year,Exceeds Expectations,Exceeds Expectations performance. Keep up the good work!,2024-04-07,80.7,Measure me possible nor new future occur surface.,False,3710.02
64,2023 Annual,Below Expectations,Needs improvement.,2024-03-27,71.1,Party similar quality local control.,False,4898.48
64,2024 Mid-Year,Exceeds Expectations,Exceeds Expectations performance. Keep up the good work!,2024-02-11,67.2,Benefit eat daughter purpose real miss not friend.,False,2507.86
65,2023 Annual,Below Expectations,Needs improvement.,2024-06-14,69.8,Street couple thus include she strategy fact discover themselves quality.,False,7101.53
65,2024 Mid-Year,Below Expectations,Needs improvement.,2024-05-30,76.0,New break institution many suffer source.,False,3602.31
66,2023 Annual,Exceeds Expectations,Exceeds Expectations performance. Keep up the good work!,2024-03-01,83.1,,False,7523.5
66,2024 Mid-Year,Exceeds Expectations,Exceeds Expectations performance. Keep up the good work!,2024-04-11,55.2,Method production recognize then tell.,False,510.34
67,2023 Annual,Exceeds Expectations,Exceeds Expectations performance. Keep up the good work!,2024-04-11,76.2,Dog artist leg soldier style American social pick.,False,7968.11
67,2024 Mid-Year,Exceeds Expectations,Exceeds Expectations performance. Keep up the good work!,2024-06-16,96.6,So low every stop art spring note resource I.,False,3118.77
68,2023 Annual,Meets Expectations,Needs improvement.,2024-06-09,56.3,,False,4213.94
68,2024 Mid-Year,Meets Expectations,Needs improvement.,2024-03-24,93.2,Tax method room model decade clearly degree car glass partner school.,False,3737.55
69,2023 Annual,Below Expectations,Needs improvement.,2024-04-23,56.8,Enough make grow war pressure whom.,False,7587.89
69,2024 Mid-Year,Meets Expectations,Needs improvement.,2024-06-10,87.4,Loss change magazine such seek couple before weight turn value.,False,7018.35
70,2023 Annual,Below Expectations,Needs improvement.,2024-03-20,95.4,,False,3853.21
70,2024 Mid-Year,Meets Expectations,Needs improvement.,2024-04-03,70.6,Morning serve finally sign.,True,1245.74
71,2023 Annual,Exceeds Expectations,Exceeds Expectations performance. Keep up the good work!,2024-03-29,64.3,Seven necessary firm season minute voice present talk million.,False,4280.79
71,2024 Mid-Year,Meets Expectations,Needs improvement.,2024-03-17,50.5,,False,3443.48
72,2023 Annual,Exceeds Expectations,Exceeds Expectations performance. Keep up the good work!,2024-05-20,68.7,Adult turn listen site water since.,False,3293.89
72,2024 Mid-Year,Exceeds Expectations,Exceeds Expectations performance. Keep up the good work!,2024-06-14,69.5,Start could degree heart view large off catch tell.,False,3026.86
73,2023 Annual,Exceeds Expectations,Exceeds Expectations performance. Keep up the good work!,2024-05-12,88.2,Return scene rich cover character nature price ask hard.,False,7279.64
73,2024 Mid-Year,Meets Expectations,Needs improvement.,2024-06-15,87.1,Agent thought guy audience significant police.,False,6470.47
74,2023 Annual,Exceeds Expectations,Exceeds Expectations performance. Keep up the good work!,2024-02-04,64.5,,False,5095.14
74,2024 Mid-Year,Below Expectations,Needs improvement.,2024-05-05,59.4,Design article year exactly quickly dream sea.,True,155.16
75,2023 Annual,Exceeds Expectations,Exceeds Expectations performance. Keep up the good work!,2024-01-27,64.1,,False,1000.31
75,2024 Mid-Year,Exceeds Expectations,Exceeds Expectations performance. Keep up the good work!,2024-02-08,50.7,Dog safe population of turn let cup fast how writer.,False,1737.5
76,2023 Annual,Meets Expectations,Needs improvement.,2024-04-05,73.2,Sell by most million total exist debate right bad store.,False,6331.4
76,2024 Mid-Year,Exceeds Expectations,Exceeds Expectations performance. Keep up the good work!,2024-01-15,63.3,,False,3139.37
77,2023 Annual,Meets Expectations,Needs improvement.,2024-04-07,91.4,,False,975.69
77,2024 Mid-Year,Meets Expectations,Needs improvement.,2024-03-04,86.9,Personal keep receive entire bank accept.,False,268.08
78,2023 Annual,Below Expectations,Needs improvement.,2024-06-19,99.1,Drug person support daughter nor leave point option keep.,False,3782.6
78,2024 Mid-Year,Meets Expectations,Needs improvement.,2024-02-10,81.5,Win measure boy hit cup brother live beyond indicate.,False,337.49
79,2023 Annual,Meets Expectations,Needs improvement.,2024-05-03,81.9,Each realize degree practice less animal after social last many.,False,1589.79
79,2024 Mid-Year,Exceeds Expectations,Exceeds Expectations performance. Keep up the good work!,2024-01-29,61.8,Free include thing deal life ready.,True,3473.29
80,2023 Annual,Below Expectations,Needs improvement.,2024-01-31,69.8,My level main knowledge it should machine before.,False,1944.71
80,2024 Mid-Year,Below Expectations,Needs improvement.,2024-05-01,84.4,,False,1239.94
81,2023 Annual,Meets Expectations,Needs improvement.,2024-01-24,84.3,It prove church training likely speak put remain.,False,2707.38
81,2024 Mid-Year,Exceeds Expectations,Exceeds Expectations performance. Keep up the good work!,2024-01-16,67.8,,False,1231.35
82,2023 Annual,Meets Expectations,Needs improvement.,2024-02-29,65.8,Alone why share season site husband recent family fill oil.,False,4466.8
82,2024 Mid-Year,Meets Expectations,Needs improvement.,2024-02-19,51.1,,False,3022.15
83,2023 Annual,Exceeds Expectations,Exceeds Expectations performance. Keep up the good work!,2024-05-04,85.3,Thank billion soldier I both training become decide those.,False,4472.2
83,2024 Mid-Year,Below Expectations,Needs improvement.,2024-02-17,77.2,Specific find receive change pick.,False,2589.45
84,2023 Annual,Below Expectations,Needs improvement.,2024-05-21,58.0,Thing common music form performance.,False,4249.1
84,2024 Mid-Year,Below Expectations,Needs improvement.,2024-04-03,72.7,Effort right feel city thing after benefit always tough.,False,6207.34
85,2023 Annual,Exceeds Expectations,Exceeds Expectations performance. Keep up the good work!,2024-06-07,92.8,Analysis offer suddenly might part executive.,False,6208.13
85,2024 Mid-Year,Below Expectations,Needs improvement.,2024-05-17,91.0,Imagine between administration partner brother paper simple quality clearly.,False,1518.96
86,2023 Annual,Exceeds Expectations,Exceeds Expectations performance. Keep up the good work!,2024-06-05,64.2,,False,3278.44
86,2024 Mid-Year,Below Expectations,Needs improvement.,2024-01-18,52.2,,False,7502.4
87,2023 Annual,Exceeds Expectations,Exceeds Expectations performance. Keep up the good work!,2024-05-04,59.6,Key your between make most company onto soldier opportunity.,False,254.54
87,2024 Mid-Year,Meets Expectations,Needs improvement.,2024-05-14,81.2,,True,4722.41
88,2023 Annual,Below Expectations,Needs improvement.,2024-01-19,50.7,Perform foot offer throw crime movie.,False,7368.28
88,2024 Mid-Year,Exceeds Expectations,Exceeds Expectations performance. Keep up the good work!,2024-04-29,90.1,Two resource writer policy region above simple even apply successful.,False,485.6
89,2023 Annual,Meets Expectations,Needs improvement.,2024-04-04,89.7,Too often address music hit senior dark case spring morning.,False,466.4
89,2024 Mid-Year,Below Expectations,Needs improvement.,2024-01-19,91.7,Especially and ability successful ground serve piece a.,False,623.48
90,2023 Annual,Exceeds Expectations,Exceeds Expectations performance. Keep up the good work!,2024-02-29,76.6,,False,1515.68
90,2024 Mid-Year,Below Expectations,Needs improvement.,2024-02-15,77.9,This law detail over attack class moment.,False,4465.13
91,2023 Annual,Below Expectations,Needs improvement.,2024-04-01,83.7,,False,5620.4
91,2024 Mid-Year,Exceeds Expectations,Exceeds Expectations performance. Keep up the good work!,2024-05-20,70.1,Man key describe force between give between.,False,2700.1
92,2023 Annual,Meets Expectations,Needs improvement.,2024-03-31,95.1,Despite deal wish sea test despite but experience test outside movement.,False,4400.65
92,2024 Mid-Year,Meets Expectations,Needs improvement.,2024-06-11,71.5,Ground after institution serious section full end ball life for.,False,5806.94
93,2023 Annual,Exceeds Expectations,Exceeds Expectations performance. Keep up the good work!,2024-04-06,88.3,Ground rich science company director property without season peace.,False,7409.18
93,2024 Mid-Year,Meets Expectations,Needs improvement.,2024-04-11,50.0,,False,277.3
94,2023 Annual,Exceeds Expectations,Exceeds Expectations performance. Keep up the good work!,2024-03-18,50.3,Only detail officer room more piece able majority low market.,False,7875.16
94,2024 Mid-Year,Below Expectations,Needs improvement.,2024-03-11,96.0,Offer family trade such pass.,False,4090.17
95,2023 Annual,Exceeds Expectations,Exceeds Expectations performance. Keep up the good work!,2024-01-10,73.0,Economy challenge include yes unit recent still reason voice.,False,1248.86
95,2024 Mid-Year,Exceeds Expectations,Exceeds Expectations performance. Keep up the good work!,2024-02-29,62.8,Young service off address investment.,False,2402.42
96,2023 Annual,Exceeds Expectations,Exceeds Expectations performance. Keep up the good work!,2024-01-20,86.2,Perform season born back major.,False,6343.23
96,2024 Mid-Year,Below Expectations,Needs improvement.,2024-06-28,78.8,Message laugh kitchen recently.,False,7261.25
97,2023 Annual,Below Expectations,Needs improvement.,2024-05-27,69.1,Service budget activity issue serious citizen.,False,6240.98
97,2024 Mid-Year,Meets Expectations,Needs improvement.,2024-04-16,96.5,Maybe just culture town hit four sport.,False,964.32
98,2023 Annual,Below Expectations,Needs improvement.,2024-01-03,81.7,Particularly blood entire across site interest several effort.,True,5057.55
98,2024 Mid-Year,Meets Expectations,Needs improvement.,2024-05-18,78.2,,False,2614.65
99,2023 Annual,Below Expectations,Needs improvement.,2024-04-10,98.6,,False,6022.72
99,2024 Mid-Year,Meets Expectations,Needs improvement.,2024-03-15,89.3,Ball your consumer market summer.,False,1184.1
100,2023 Annual,Below Expectations,Needs improvement.,2024-01-13,77.4,Still four bag begin character traditional.,False,2100.46
100,2024 Mid-Year,Below Expectations,Needs improvement.,2024-02-03,88.1,Free recognize style spring her apply.,False,3847.38
101,2023 Annual,Below Expectations,Needs improvement.,2024-02-20,78.1,,False,7976.63
101,2024 Mid-Year,Meets Expectations,Needs improvement.,2024-04-20,66.2,Usually institution just ever rule.,True,7393.1
102,2023 Annual,Meets Expectations,Needs improvement.,2024-04-03,67.4,,False,2565.91
102,2024 Mid-Year,Meets Expectations,Needs improvement.,2024-02-13,99.4,Dog receive single mention any control.,False,4929.77
103,2023 Annual,Exceeds Expectations,Exceeds Expectations performance. Keep up the good work!,2024-04-22,52.2,Run plan nation thought appear network.,False,6545.38
103,2024 Mid-Year,Below Expectations,Needs improvement.,2024-01-22,55.6,Ahead professor agent only decade business.,False,436.3
104,2023 Annual,Meets Expectations,Needs improvement.,2024-01-04,67.2,Require on character art laugh political walk power less herself.,False,6434.25
104,2024 Mid-Year,Meets Expectations,Needs improvement.,2024-02-23,87.0,Us beautiful nice current whole bad citizen forward.,False,1695.0
105,2023 Annual,Below Expectations,Needs improvement.,2024-05-03,81.2,Sing above adult federal avoid account town out.,False,7938.42
105,2024 Mid-Year,Meets Expectations,Needs improvement.,2024-05-29,95.3,,False,4214.39
106,2023 Annual,Exceeds Expectations,Exceeds Expectations performance. Keep up the good work!,2024-06-27,80.9,,False,424.68
106,2024 Mid-Year,Meets Expectations,Needs improvement.,2024-06-18,63.6,Radio across pressure her sound property outside check.,False,6816.66
107,2023 Annual,Exceeds Expectations,Exceeds Expectations performance. Keep up the good work!,2024-03-15,93.4,Around three produce heart dog food.,False,5195.29
107,2024 Mid-Year,Below Expectations,Needs improvement.,2024-01-26,95.2,,False,3877.3
108,2023 Annual,Exceeds Expectations,Exceeds Expectations performance. Keep up the good work!,2024-05-08,98.3,,False,4485.5
108,2024 Mid-Year,Below Expectations,Needs improvement.,2024-03-19,66.7,Collection best help describe best program fly.,False,3147.2
109,2023 Annual,Meets Expectations,Needs improvement.,2024-03-31,81.3,Example peace control hope wall meet just practice.,False,1889.64
109,2024 Mid-Year,Exceeds Expectations,Exceeds Expectations performance. Keep up the good work!,2024-06-09,62.9,Particularly level speak management guess sign general.,False,3097.36
110,2023 Annual,Below Expectations,Needs improvement.,2024-03-12,61.3,,False,2734.29
110,2024 Mid-Year,Below Expectations,Needs improvement.,2024-04-07,76.0,Pretty cell action number shoulder although.,False,5423.96
111,2023 Annual,Meets Expectations,Needs improvement.,2024-03-02,78.6,Right glass information draw deep school quite food near.,False,3411.72
111,2024 Mid-Year,Meets Expectations,Needs improvement.,2024-05-18,56.6,World power among operation dark good land.,False,5219.78
112,2023 Annual,Exceeds Expectations,Exceeds Expectations performance. Keep up the good work!,2024-02-05,65.4,,False,5641.09
112,2024 Mid-Year,Exceeds Expectations,Exceeds Expectations performance. Keep up the good work!,2024-06-16,96.7,Today positive among effort break whom save old.,False,7336.9
113,2023 Annual,Below Expectations,Needs improvement.,2024-01-31,59.2,,False,6716.18
113,2024 Mid-Year,Meets Expectations,Needs improvement.,2024-04-15,98.1,Third charge magazine strong far.,False,2426.78
114,2023 Annual,Below Expectations,Needs improvement.,2024-03-11,57.6,,False,1503.47
114,2024 Mid-Year,Below Expectations,Needs improvement.,2024-06-06,63.3,,False,4536.34
115,2023 Annual,Below Expectations,Needs improvement.,2024-01-07,68.0,Member send special skill material share eat early.,False,5505.13
115,2024 Mid-Year,Below Expectations,Needs improvement.,2024-04-30,85.6,Hear agent every take Republican after.,False,2991.68
116,2023 Annual,Exceeds Expectations,Exceeds Expectations performance. Keep up the good work!,2024-02-11,59.7,,False,257.84
116,2024 Mid-Year,Meets Expectations,Needs improvement.,2024-04-15,61.1,,False,5370.71
117,2023 Annual,Exceeds Expectations,Exceeds Expectations performance. Keep up the good work!,2024-04-22,93.4,Offer no day training visit thus hair yourself.,False,3919.54
117,2024 Mid-Year,Exceeds Expectations,Exceeds Expectations performance. Keep up the good work!,2024-04-19,70.2,Even first must husband different modern professor.,False,334.61
118,2023 Annual,Meets Expectations,Needs improvement.,2024-04-10,80.6,Election provide you choose middle leave wrong she move well.,False,5939.74
118,2024 Mid-Year,Below Expectations,Needs improvement.,2024-01-10,76.0,,False,3612.88
119,2023 Annual,Exceeds Expectations,Exceeds Expectations performance. Keep up the good work!,2024-05-12,76.9,Nature Republican theory late chair know method organization medical.,True,7870.65
119,2024 Mid-Year,Below Expectations,Needs improvement.,2024-01-13,59.5,Buy expert inside theory.,False,3516.43
120,2023 Annual,Meets Expectations,Needs improvement.,2024-04-28,58.3,Turn technology fire put week.,False,2355.36
120,2024 Mid-Year,Exceeds Expectations,Exceeds Expectations performance. Keep up the good work!,2024-04-28,91.5,,False,3613.58
121,2023 Annual,Below Expectations,Needs improvement.,2024-06-27,77.3,,False,3144.53
121,2024 Mid-Year,Meets Expectations,Needs improvement.,2024-05-31,94.8,,False,7166.36
122,2023 Annual,Meets Expectations,Needs improvement.,2024-06-26,82.4,Travel middle wait street party area name.,False,5691.76
122,2024 Mid-Year,Exceeds Expectations,Exceeds Expectations performance. Keep up the good work!,2024-01-30,85.3,Remain choice dog who pay government debate.,True,5072.58
123,2023 Annual,Below Expectations,Needs improvement.,2024-05-10,80.6,,False,1279.2
123,2024 Mid-Year,Exceeds Expectations,Exceeds Expectations performance. Keep up the good work!,2024-03-26,78.3,President record use us account discussion beyond art investment.,False,5276.24
124,2023 Annual,Exceeds Expectations,Exceeds Expectations performance. Keep up the good work!,2024-01-14,71.0,Everyone put sister national lay Mrs real third arm could.,False,2476.15
124,2024 Mid-Year,Below Expectations,Needs improvement.,2024-02-16,55.9,Lay report spring better along among church rise analysis.,False,1052.57
125,2023 Annual,Meets Expectations,Needs improvement.,2024-01-04,72.9,,False,6843.29
125,2024 Mid-Year,Meets Expectations,Needs improvement.,2024-03-01,60.8,Friend environmental sing any whom property.,False,5275.76
126,2023 Annual,Below Expectations,Needs improvement.,2024-06-02,50.3,Away brother understand nothing why everything economic popular.,False,7057.34
126,2024 Mid-Year,Exceeds Expectations,Exceeds Expectations performance. Keep up the good work!,2024-01-13,59.2,,False,440.51
127,2023 Annual,Exceeds Expectations,Exceeds Expectations performance. Keep up the good work!,2024-06-19,78.9,,False,4826.28
127,2024 Mid-Year,Exceeds Expectations,Exceeds Expectations performance. Keep up the good work!,2024-04-16,99.7,Community help week senior town through.,False,1290.68
128,2023 Annual,Below Expectations,Needs improvement.,2024-06-01,78.6,From same hundred direction owner reduce.,False,4497.42
128,2024 Mid-Year,Meets Expectations,Needs improvement.,2024-01-10,54.7,City nation include both then some stage ready some.,False,2394.36
129,2023 Annual,Exceeds Expectations,Exceeds Expectations performance. Keep up the good work!,2024-04-19,92.2,,False,519.41
129,2024 Mid-Year,Meets Expectations,Needs improvement.,2024-03-25,76.4,Wait wind president space billion radio himself.,False,4197.17
130,2023 Annual,Exceeds Expectations,Exceeds Expectations performance. Keep up the good work!,2024-05-26,86.5,Structure my language however become view last.,False,5031.83
130,2024 Mid-Year,Below Expectations,Needs improvement.,2024-06-03,96.7,Democrat city player hand within.,False,7890.23
131,2023 Annual,Meets Expectations,Needs improvement.,2024-03-07,76.3,,False,7960.19
131,2024 Mid-Year,Below Expectations,Needs improvement.,2024-05-07,76.0,,False,5054.86
132,2023 Annual,Below Expectations,Needs improvement.,2024-02-29,85.4,,True,7834.06
132,2024 Mid-Year,Below Expectations,Needs improvement.,2024-01-31,86.9,Item successful later report discuss road list quickly with more.,False,1658.65
133,2023 Annual,Exceeds Expectations,Exceeds Expectations performance. Keep up the good work!,2024-03-26,67.5,Marriage probably prepare point receive.,False,6448.35
133,2024 Mid-Year,Below Expectations,Needs improvement.,2024-03-13,62.7,Effect color from talk rule leg father nor meeting now.,False,542.69
134,2023 Annual,Exceeds Expectations,Exceeds Expectations performance. Keep up the good work!,2024-01-30,84.3,Charge hand company quite wait late ask.,False,2730.89
134,2024 Mid-Year,Exceeds Expectations,Exceeds Expectations performance. Keep up the good work!,2024-02-14,59.7,Generation development heart focus doctor.,False,6670.6
135,2023 Annual,Meets Expectations,Needs improvement.,2024-01-10,82.3,Clearly no participant end week responsibility whose stay.,False,3851.96
135,2024 Mid-Year,Below Expectations,Needs improvement.,2024-03-26,73.1,,False,6513.33
136,2023 Annual,Below Expectations,Needs improvement.,2024-03-17,78.2,,False,5425.58
136,2024 Mid-Year,Below Expectations,Needs improvement.,2024-06-24,66.6,,False,7329.49
137,2023 Annual,Exceeds Expectations,Exceeds Expectations performance. Keep up the good work!,2024-03-12,92.0,Glass eye candidate coach society whether able money.,False,2713.22
137,2024 Mid-Year,Exceeds Expectations,Exceeds Expectations performance. Keep up the good work!,2024-05-26,80.3,Drive fall thank discuss address accept keep entire.,False,1499.03
138,2023 Annual,Meets Expectations,Needs improvement.,2024-06-29,92.9,,False,5678.72
138,2024 Mid-Year,Exceeds Expectations,Exceeds Expectations performance. Keep up the good work!,2024-04-05,72.6,Only dream better authority opportunity talk.,False,7605.81
139,2023 Annual,Exceeds Expectations,Exceeds Expectations performance. Keep up the good work!,2024-04-05,89.2,Foreign wind new near too.,False,6222.32
139,2024 Mid-Year,Exceeds Expectations,Exceeds Expectations performance. Keep up the good work!,2024-05-03,95.2,May include receive front.,False,1232.62
140,2023 Annual,Below Expectations,Needs improvement.,2024-03-20,88.8,Break upon should return how north.,False,1146.36
140,2024 Mid-Year,Below Expectations,Needs improvement.,2024-06-22,99.6,Never some financial sit born thing lead such outside lose.,True,1641.5
141,2023 Annual,Below Expectations,Needs improvement.,2024-01-30,50.2,Health main full avoid friend method open always second manage decide.,False,7458.7
141,2024 Mid-Year,Exceeds Expectations,Exceeds Expectations performance. Keep up the good work!,2024-03-26,73.3,Dream interesting forward style central.,False,369.12
142,2023 Annual,Meets Expectations,Needs improvement.,2024-01-06,78.9,Act community heavy pattern weight stock customer environment commercial.,False,2497.14
142,2024 Mid-Year,Exceeds Expectations,Exceeds Expectations performance. Keep up the good work!,2024-03-14,63.8,,False,2553.2
143,2023 Annual,Exceeds Expectations,Exceeds Expectations performance. Keep up the good work!,2024-02-10,63.7,Have court lot interview town.,False,122.05
143,2024 Mid-Year,Exceeds Expectations,Exceeds Expectations performance. Keep up the good work!,2024-05-18,67.5,Budget well later teacher owner moment important majority.,False,2547.88
144,2023 Annual,Meets Expectations,Needs improvement.,2024-05-26,62.2,Brother others two trade.,False,569.94
144,2024 Mid-Year,Meets Expectations,Needs improvement.,2024-01-13,56.5,,False,3765.88
145,2023 Annual,Exceeds Expectations,Exceeds Expectations performance. Keep up the good work!,2024-01-23,71.3,Good need while sell although.,False,1431.86
145,2024 Mid-Year,Below Expectations,Needs improvement.,2024-06-28,72.3,,False,2844.99
146,2023 Annual,Below Expectations,Needs improvement.,2024-05-16,53.9,Him per career address shake candidate carry really.,False,7382.27
146,2024 Mid-Year,Exceeds Expectations,Exceeds Expectations performance. Keep up the good work!,2024-06-27,73.4,Tend available worker trial course these very turn sell box.,False,3644.67
147,2023 Annual,Meets Expectations,Needs improvement.,2024-04-30,61.6,Recently three single compare more town make financial boy account.,False,1790.36
147,2024 Mid-Year,Meets Expectations,Needs improvement.,2024-04-10,59.2,Society performance establish audience thousand main everybody way summer behavior.,False,7338.12
148,2023 Annual,Meets Expectations,Needs improvement.,2024-04-26,74.4,Wear perhaps wish on everything edge involve.,False,522.92
148,2024 Mid-Year,Exceeds Expectations,Exceeds Expectations performance. Keep up the good work!,2024-03-13,88.4,,False,4835.52
149,2023 Annual,Below Expectations,Needs improvement.,2024-01-28,66.3,Field appear serious similar forward bring indeed manage little against.,False,5195.61
149,2024 Mid-Year,Meets Expectations,Needs improvement.,2024-05-31,70.7,Consumer of popular idea whose.,False,4967.0
150,2023 Annual,Meets Expectations,Needs improvement.,2024-01-17,67.0,Report certain right good safe inside after everybody.,False,6511.33
150,2024 Mid-Year,Meets Expectations,Needs improvement.,2024-05-25,89.4,Race smile young class team ball your baby each.,False,4356.22
151,2023 Annual,Exceeds Expectations,Exceeds Expectations performance. Keep up the good work!,2024-05-26,91.8,Recognize small page list product author debate report current represent.,False,914.58
151,2024 Mid-Year,Exceeds Expectations,Exceeds Expectations performance. Keep up the good work!,2024-04-23,58.8,,True,7647.07
152,2023 Annual,Below Expectations,Needs improvement.,2024-04-07,66.4,,True,5159.91
152,2024 Mid-Year,Exceeds Expectations,Exceeds Expectations performance. Keep up the good work!,2024-05-28,95.2,,True,5089.06
153,2023 Annual,Exceeds Expectations,Exceeds Expectations performance. Keep up the good work!,2024-04-25,76.6,,False,3119.86
153,2024 Mid-Year,Below Expectations,Needs improvement.,2024-03-22,65.0,Strong identify office place security example today teacher president smile.,False,6354.77
154,2023 Annual,Meets Expectations,Needs improvement.,2024-03-29,99.5,Environmental edge brother tonight player whatever point of since.,False,4661.82
154,2024 Mid-Year,Exceeds Expectations,Exceeds Expectations performance. Keep up the good work!,2024-03-16,53.1,,False,7208.61
155,2023 Annual,Below Expectations,Needs improvement.,2024-04-01,55.5,Occur century forget thought stay work no check concern.,True,2257.67
155,2024 Mid-Year,Below Expectations,Needs improvement.,2024-04-10,81.3,Pattern hot game end five wind end finally decade around.,False,5694.19
156,2023 Annual,Exceeds Expectations,Exceeds Expectations performance. Keep up the good work!,2024-06-18,58.7,Next dream property ever avoid.,False,1112.55
156,2024 Mid-Year,Meets Expectations,Needs improvement.,2024-04-16,57.7,,False,7979.65
157,2023 Annual,Exceeds Expectations,Exceeds Expectations performance. Keep up the good work!,2024-06-14,50.8,Forget history cause moment quite.,False,5770.71
157,2024 Mid-Year,Exceeds Expectations,Exceeds Expectations performance. Keep up the good work!,2024-01-22,56.9,Imagine week business democratic somebody north analysis worry raise memory.,False,6447.53
158,2023 Annual,Below Expectations,Needs improvement.,2024-06-03,96.5,Degree purpose grow go lot practice alone government eye.,False,4985.99
158,2024 Mid-Year,Meets Expectations,Needs improvement.,2024-04-08,67.8,Ok direction science trip quite from behind to maintain teach.,False,1486.33
159,2023 Annual,Below Expectations,Needs improvement.,2024-03-01,85.6,In picture far forget.,False,2154.0
159,2024 Mid-Year,Exceeds Expectations,Exceeds Expectations performance. Keep up the good work!,2024-01-10,78.4,Figure little these live money crime reduce though.,False,5639.06
160,2023 Annual,Below Expectations,Needs improvement.,2024-01-21,57.1,Those pass reality could eight outside mind carry.,False,5850.35
160,2024 Mid-Year,Meets Expectations,Needs improvement.,2024-04-29,75.8,,False,4186.85
161,2023 Annual,Below Expectations,Needs improvement.,2024-06-18,98.0,Should medical mother whole special unit so.,False,624.66
161,2024 Mid-Year,Meets Expectations,Needs improvement.,2024-06-05,52.6,Better market economic hair sound technology cut.,False,2748.37
162,2023 Annual,Below Expectations,Needs improvement.,2024-04-30,78.7,Second ground event talk attention how improve husband.,False,2652.11
162,2024 Mid-Year,Meets Expectations,Needs improvement.,2024-03-15,58.4,Might increase performance lay only very service.,False,5560.41
163,2023 Annual,Below Expectations,Needs improvement.,2024-03-07,53.1,,False,3785.28
163,2024 Mid-Year,Meets Expectations,Needs improvement.,2024-06-08,51.4,,False,3878.08
164,2023 Annual,Meets Expectations,Needs improvement.,2024-03-05,56.6,,False,2247.78
164,2024 Mid-Year,Exceeds Expectations,Exceeds Expectations performance. Keep up the good work!,2024-06-03,58.7,Computer nothing set part find agency they order indeed phone.,False,4734.16
165,2023 Annual,Exceeds Expectations,Exceeds Expectations performance. Keep up the good work!,2024-03-07,89.1,Week write central name recent.,False,1889.57
165,2024 Mid-Year,Exceeds Expectations,Exceeds Expectations performance. Keep up the good work!,2024-03-28,99.2,Activity work significant international particularly.,False,7738.77
166,2023 Annual,Meets Expectations,Needs improvement.,2024-04-15,88.5,Phone friend newspaper moment music condition culture.,False,1903.58
166,2024 Mid-Year,Exceeds Expectations,Exceeds Expectations performance. Keep up the good work!,2024-05-27,86.7,This open indicate class television anyone check lawyer rise others.,False,2760.61
167,2023 Annual,Exceeds Expectations,Exceeds Expectations performance. Keep up the good work!,2024-01-14,58.4,Head style even effort Republican.,False,3189.96
167,2024 Mid-Year,Below Expectations,Needs improvement.,2024-02-29,69.0,,False,5644.86
168,2023 Annual,Meets Expectations,Needs improvement.,2024-01-04,64.4,Improve case away per father they as race.,False,6378.47
168,2024 Mid-Year,Below Expectations,Needs improvement.,2024-06-23,97.8,Pass style brother hotel such reveal sure.,False,778.91
169,2023 Annual,Meets Expectations,Needs improvement.,2024-06-05,95.9,,False,6866.85
169,2024 Mid-Year,Exceeds Expectations,Exceeds Expectations performance. Keep up the good work!,2024-03-06,82.7,Strong spring family meet white form discuss.,False,3129.23
170,2023 Annual,Below Expectations,Needs improvement.,2024-06-21,79.4,Discover something benefit answer.,False,1559.41
170,2024 Mid-Year,Exceeds Expectations,Exceeds Expectations performance. Keep up the good work!,2024-03-21,77.4,,False,5382.41
171,2023 Annual,Exceeds Expectations,Exceeds Expectations performance. Keep up the good work!,2024-05-14,55.2,,False,3567.54
171,2024 Mid-Year,Exceeds Expectations,Exceeds Expectations performance. Keep up the good work!,2024-01-09,51.2,Tend person member family something street.,False,735.53
172,2023 Annual,Exceeds Expectations,Exceeds Expectations performance. Keep up the good work!,2024-06-02,81.9,News new commercial spring keep.,False,5664.6
172,2024 Mid-Year,Exceeds Expectations,Exceeds Expectations performance. Keep up the good work!,2024-04-06,82.8,Performance will they eat one authority eight room.,False,7199.18
173,2023 Annual,Exceeds Expectations,Exceeds Expectations performance. Keep up the good work!,2024-06-27,59.2,,False,2356.55
173,2024 Mid-Year,Meets Expectations,Needs improvement.,2024-03-11,88.5,Especially all get suddenly term should thousand should action culture.,False,5537.77
174,2023 Annual,Meets Expectations,Needs improvement.,2024-02-11,89.0,Different buy must hit professional prepare according no.,True,2218.3
174,2024 Mid-Year,Exceeds Expectations,Exceeds Expectations performance. Keep up the good work!,2024-03-07,97.8,Court option if all approach age rich.,False,2117.32
175,2023 Annual,Exceeds Expectations,Exceeds Expectations performance. Keep up the good work!,2024-06-05,69.6,Discuss represent hour approach always person fall should dark feel.,False,5163.87
175,2024 Mid-Year,Meets Expectations,Needs improvement.,2024-02-25,80.7,,False,850.0
176,2023 Annual,Exceeds Expectations,Exceeds Expectations performance. Keep up the good work!,2024-01-19,53.5,,False,5820.36
176,2024 Mid-Year,Meets Expectations,Needs improvement.,2024-02-08,82.6,Deep treat sometimes clear skill push put cover somebody beyond.,True,6.94
177,2023 Annual,Exceeds Expectations,Exceeds Expectations performance. Keep up the good work!,2024-06-28,66.5,Somebody continue analysis store over most.,True,3130.64
177,2024 Mid-Year,Meets Expectations,Needs improvement.,2024-05-02,71.8,Forward design all piece action learn notice.,False,6752.39
178,2023 Annual,Below Expectations,Needs improvement.,2024-02-27,50.2,Share across process style strong do site where.,False,7633.24
178,2024 Mid-Year,Below Expectations,Needs improvement.,2024-05-17,96.8,Trial Mrs expert financial radio term save peace.,False,2871.35
179,2023 Annual,Below Expectations,Needs improvement.,2024-06-14,54.5,,False,4277.01
179,2024 Mid-Year,Meets Expectations,Needs improvement.,2024-03-15,82.4,Almost standard money art space radio.,True,1412.95
180,2023 Annual,Exceeds Expectations,Exceeds Expectations performance. Keep up the good work!,2024-03-17,84.8,Fact accept political should rock good speech.,False,7171.69
180,2024 Mid-Year,Exceeds Expectations,Exceeds Expectations performance. Keep up the good work!,2024-06-10,71.9,,True,1515.72
181,2023 Annual,Below Expectations,Needs improvement.,2024-03-02,74.5,Father despite picture wife recent notice score around area.,False,503.94
181,2024 Mid-Year,Below Expectations,Needs improvement.,2024-04-25,98.3,Statement even small black growth change include policy record security.,False,131.35
182,2023 Annual,Below Expectations,Needs improvement.,2024-01-11,70.3,Recently forget blue with cultural American fund.,False,1693.43
182,2024 Mid-Year,Below Expectations,Needs improvement.,2024-05-17,57.4,,False,4634.77
183,2023 Annual,Exceeds Expectations,Exceeds Expectations performance. Keep up the good work!,2024-05-05,82.7,,False,3769.76
183,2024 Mid-Year,Below Expectations,Needs improvement.,2024-06-15,56.5,Across quality hold board rock moment me reduce anything.,True,1377.99
184,2023 Annual,Exceeds Expectations,Exceeds Expectations performance. Keep up the good work!,2024-04-26,80.6,Suggest worker meet my consumer enter provide investment.,True,6682.82
184,2024 Mid-Year,Exceeds Expectations,Exceeds Expectations performance. Keep up the good work!,2024-05-07,79.7,,True,4925.03
185,2023 Annual,Meets Expectations,Needs improvement.,2024-06-22,70.1,These than pattern sort start view but.,False,966.42
185,2024 Mid-Year,Meets Expectations,Needs improvement.,2024-02-24,88.2,,False,4744.68
186,2023 Annual,Exceeds Expectations,Exceeds Expectations performance. Keep up the good work!,2024-04-16,58.4,,False,2959.42
186,2024 Mid-Year,Below Expectations,Needs improvement.,2024-01-11,56.7,Explain according well race experience.,False,6328.42
187,2023 Annual,Exceeds Expectations,Exceeds Expectations performance. Keep up the good work!,2024-01-05,94.0,Everybody religious democratic here night.,True,645.78
187,2024 Mid-Year,Below Expectations,Needs improvement.,2024-06-15,79.7,Tonight general language blue field.,False,2269.85
188,2023 Annual,Meets Expectations,Needs improvement.,2024-06-26,56.3,Middle visit itself beyond call certain.,False,1144.7
188,2024 Mid-Year,Exceeds Expectations,Exceeds Expectations performance. Keep up the good work!,2024-02-14,80.5,Great place always service them.,False,300.97
189,2023 Annual,Exceeds Expectations,Exceeds Expectations performance. Keep up the good work!,2024-06-09,91.3,Strategy improve budget fast investment race situation minute.,False,2409.6
189,2024 Mid-Year,Exceeds Expectations,Exceeds Expectations performance. Keep up the good work!,2024-01-31,99.3,Child sing religious debate loss example late attack.,False,7814.33
190,2023 Annual,Below Expectations,Needs improvement.,2024-05-09,61.0,,False,6162.65
190,2024 Mid-Year,Exceeds Expectations,Exceeds Expectations performance. Keep up the good work!,2024-01-29,89.8,Ten result often response act crime send difficult method word.,False,5481.95
191,2023 Annual,Exceeds Expectations,Exceeds Expectations performance. Keep up the good work!,2024-02-10,83.5,,False,344.92
191,2024 Mid-Year,Meets Expectations,Needs improvement.,2024-03-05,66.7,,False,6441.23
192,2023 Annual,Below Expectations,Needs improvement.,2024-01-14,96.2,High how each throughout think organization time that.,False,1407.1
192,2024 Mid-Year,Exceeds Expectations,Exceeds Expectations performance. Keep up the good work!,2024-01-19,94.8,Direction provide only girl others specific six support.,False,5771.22
193,2023 Annual,Exceeds Expectations,Exceeds Expectations performance. Keep up the good work!,2024-06-22,94.9,,False,1840.51
193,2024 Mid-Year,Exceeds Expectations,Exceeds Expectations performance. Keep up the good work!,2024-04-15,93.5,Just consider home detail sea surface return.,False,3004.26
194,2023 Annual,Meets Expectations,Needs improvement.,2024-01-14,94.5,Onto mouth apply second second serve.,False,1159.53
194,2024 Mid-Year,Meets Expectations,Needs improvement.,2024-04-05,56.8,Stuff still factor cause anything chance.,False,5758.57
195,2023 Annual,Exceeds Expectations,Exceeds Expectations performance. Keep up the good work!,2024-03-26,56.4,,True,5537.68
195,2024 Mid-Year,Meets Expectations,Needs improvement.,2024-04-27,70.9,,False,6082.72
196,2023 Annual,Exceeds Expectations,Exceeds Expectations performance. Keep up the good work!,2024-06-12,97.6,Three crime baby modern factor event activity.,False,7244.62
196,2024 Mid-Year,Exceeds Expectations,Exceeds Expectations performance. Keep up the good work!,2024-01-23,70.6,,False,4174.15
197,2023 Annual,Meets Expectations,Needs improvement.,2024-04-28,64.0,,False,5840.14
197,2024 Mid-Year,Meets Expectations,Needs improvement.,2024-04-21,79.0,,False,7134.58
198,2023 Annual,Below Expectations,Needs improvement.,2024-01-02,70.9,Art sense wait floor culture white employee appear against.,False,353.79
198,2024 Mid-Year,Below Expectations,Needs improvement.,2024-01-09,71.3,Collection billion ever should discover huge vote.,False,3154.56
199,2023 Annual,Exceeds Expectations,Exceeds Expectations performance. Keep up the good work!,2024-04-25,74.8,Other treatment under budget his.,False,664.73
199,2024 Mid-Year,Meets Expectations,Needs improvement.,2024-02-25,56.6,,False,2366.32
200,2023 Annual,Meets Expectations,Needs improvement.,2024-06-20,65.2,Process poor simple attack need what.,False,5626.44
200,2024 Mid-Year,Exceeds Expectations,Exceeds Expectations performance. Keep up the good work!,2024-04-26,73.2,,False,1108.99
